<?xml version="1.0" encoding="UTF-8"?>
<GenRun Id="impl_1" LaunchPart="xc7a35tcpg236-1" LaunchTime="1613613137">
  <File Type="ROUTE-PWR" Name="blinky_power_routed.rpt"/>
  <File Type="PA-TCL" Name="blinky.tcl"/>
  <File Type="BITSTR-BMM" Name="blinky_bd.bmm"/>
  <File Type="ROUTE-PWR-SUM" Name="blinky_power_summary_routed.pb"/>
  <File Type="REPORTS-TCL" Name="blinky_reports.tcl"/>
  <File Type="OPT-DCP" Name="blinky_opt.dcp"/>
  <File Type="OPT-DRC" Name="blinky_drc_opted.rpt"/>
  <File Type="OPT-HWDEF" Name="blinky.hwdef"/>
  <File Type="PWROPT-DCP" Name="blinky_pwropt.dcp"/>
  <File Type="PLACE-DCP" Name="blinky_placed.dcp"/>
  <File Type="PLACE-IO" Name="blinky_io_placed.rpt"/>
  <File Type="PLACE-UTIL" Name="blinky_utilization_placed.rpt"/>
  <File Type="PLACE-UTIL-PB" Name="blinky_utilization_placed.pb"/>
  <File Type="PLACE-CTRL" Name="blinky_control_sets_placed.rpt"/>
  <File Type="PLACE-PRE-SIMILARITY" Name="blinky_incremental_reuse_pre_placed.rpt"/>
  <File Type="BG-BGN" Name="blinky.bgn"/>
  <File Type="POSTPLACE-PWROPT-DCP" Name="blinky_postplace_pwropt.dcp"/>
  <File Type="BG-BIN" Name="blinky.bin"/>
  <File Type="PHYSOPT-DCP" Name="blinky_physopt.dcp"/>
  <File Type="BITSTR-MSK" Name="blinky.msk"/>
  <File Type="ROUTE-ERROR-DCP" Name="blinky_routed_error.dcp"/>
  <File Type="ROUTE-DCP" Name="blinky_routed.dcp"/>
  <File Type="ROUTE-BLACKBOX-DCP" Name="blinky_routed_bb.dcp"/>
  <File Type="ROUTE-DRC" Name="blinky_drc_routed.rpt"/>
  <File Type="ROUTE-DRC-PB" Name="blinky_drc_routed.pb"/>
  <File Type="ROUTE-DRC-RPX" Name="blinky_drc_routed.rpx"/>
  <File Type="BITSTR-LTX" Name="blinky.ltx"/>
  <File Type="ROUTE-METHODOLOGY-DRC" Name="blinky_methodology_drc_routed.rpt"/>
  <File Type="BITSTR-MMI" Name="blinky.mmi"/>
  <File Type="ROUTE-METHODOLOGY-DRC-RPX" Name="blinky_methodology_drc_routed.rpx"/>
  <File Type="ROUTE-METHODOLOGY-DRC-PB" Name="blinky_methodology_drc_routed.pb"/>
  <File Type="BITSTR-SYSDEF" Name="blinky.sysdef"/>
  <File Type="ROUTE-PWR-RPX" Name="blinky_power_routed.rpx"/>
  <File Type="ROUTE-STATUS" Name="blinky_route_status.rpt"/>
  <File Type="ROUTE-STATUS-PB" Name="blinky_route_status.pb"/>
  <File Type="ROUTE-TIMINGSUMMARY" Name="blinky_timing_summary_routed.rpt"/>
  <File Type="ROUTE-TIMING-PB" Name="blinky_timing_summary_routed.pb"/>
  <File Type="ROUTE-TIMING-RPX" Name="blinky_timing_summary_routed.rpx"/>
  <File Type="ROUTE-CLK" Name="blinky_clock_utilization_routed.rpt"/>
  <File Type="ROUTE-BUS-SKEW" Name="blinky_bus_skew_routed.rpt"/>
  <File Type="ROUTE-BUS-SKEW-PB" Name="blinky_bus_skew_routed.pb"/>
  <File Type="ROUTE-BUS-SKEW-RPX" Name="blinky_bus_skew_routed.rpx"/>
  <File Type="POSTROUTE-PHYSOPT-DCP" Name="blinky_postroute_physopt.dcp"/>
  <File Type="POSTROUTE-PHYSOPT-BLACKBOX-DCP" Name="blinky_postroute_physopt_bb.dcp"/>
  <File Type="BG-BIT" Name="blinky.bit"/>
  <File Type="BITSTR-RBT" Name="blinky.rbt"/>
  <File Type="BITSTR-NKY" Name="blinky.nky"/>
  <File Type="BG-DRC" Name="blinky.drc"/>
  <File Type="RDI-RDI" Name="blinky.vdi"/>
  <File Type="WBT-USG" Name="usage_statistics_webtalk.html"/>
  <FileSet Name="sources" Type="DesignSrcs" RelSrcDir="$PSRCDIR/sources_1">
    <Filter Type="Srcs"/>
    <File Path="$PSRCDIR/sources_1/new/blinky.v">
      <FileInfo>
        <Attr Name="ImportPath" Val="$PPRDIR/../../../../assignment_3/assignment_3.srcs/sources_1/new/blinky.v"/>
        <Attr Name="ImportTime" Val="1613613134"/>
        <Attr Name="UsedIn" Val="synthesis"/>
        <Attr Name="UsedIn" Val="implementation"/>
        <Attr Name="UsedIn" Val="simulation"/>
      </FileInfo>
    </File>
    <Config>
      <Option Name="DesignMode" Val="RTL"/>
      <Option Name="TopModule" Val="blinky"/>
      <Option Name="TopAutoSet" Val="TRUE"/>
    </Config>
  </FileSet>
  <FileSet Name="constrs_in" Type="Constrs" RelSrcDir="$PSRCDIR/constrs_1">
    <Filter Type="Constrs"/>
    <File Path="$PSRCDIR/constrs_1/new/blinky_constraints.xdc">
      <FileInfo>
        <Attr Name="ImportPath" Val="$PPRDIR/../../../../assignment_3/assignment_3.srcs/constrs_1/new/blinky_constraints.xdc"/>
        <Attr Name="ImportTime" Val="1613613109"/>
        <Attr Name="UsedIn" Val="synthesis"/>
        <Attr Name="UsedIn" Val="implementation"/>
      </FileInfo>
    </File>
    <Config>
      <Option Name="ConstrsType" Val="XDC"/>
    </Config>
  </FileSet>
  <Strategy Version="1" Minor="2">
    <StratHandle Name="Vivado Implementation Defaults" Flow="Vivado Implementation 2018"/>
    <Step Id="init_design"/>
    <Step Id="opt_design"/>
    <Step Id="power_opt_design"/>
    <Step Id="place_design"/>
    <Step Id="post_place_power_opt_design"/>
    <Step Id="phys_opt_design"/>
    <Step Id="route_design"/>
    <Step Id="post_route_phys_opt_design"/>
    <Step Id="write_bitstream"/>
  </Strategy>
</GenRun>
