<?xml version="1.0" encoding="UTF-8"?>
<GenRun Id="impl_1" LaunchPart="xc7a35tcpg236-1" LaunchTime="1615624666">
  <File Type="ROUTE-PWR" Name="big_daddy_power_routed.rpt"/>
  <File Type="PA-TCL" Name="big_daddy.tcl"/>
  <File Type="BITSTR-BMM" Name="big_daddy_bd.bmm"/>
  <File Type="ROUTE-PWR-SUM" Name="big_daddy_power_summary_routed.pb"/>
  <File Type="REPORTS-TCL" Name="big_daddy_reports.tcl"/>
  <File Type="OPT-DCP" Name="big_daddy_opt.dcp"/>
  <File Type="OPT-DRC" Name="big_daddy_drc_opted.rpt"/>
  <File Type="OPT-HWDEF" Name="big_daddy.hwdef"/>
  <File Type="PWROPT-DCP" Name="big_daddy_pwropt.dcp"/>
  <File Type="PLACE-DCP" Name="big_daddy_placed.dcp"/>
  <File Type="PLACE-IO" Name="big_daddy_io_placed.rpt"/>
  <File Type="PLACE-UTIL" Name="big_daddy_utilization_placed.rpt"/>
  <File Type="PLACE-UTIL-PB" Name="big_daddy_utilization_placed.pb"/>
  <File Type="PLACE-CTRL" Name="big_daddy_control_sets_placed.rpt"/>
  <File Type="PLACE-PRE-SIMILARITY" Name="big_daddy_incremental_reuse_pre_placed.rpt"/>
  <File Type="BG-BGN" Name="big_daddy.bgn"/>
  <File Type="POSTPLACE-PWROPT-DCP" Name="big_daddy_postplace_pwropt.dcp"/>
  <File Type="BG-BIN" Name="big_daddy.bin"/>
  <File Type="PHYSOPT-DCP" Name="big_daddy_physopt.dcp"/>
  <File Type="BITSTR-MSK" Name="big_daddy.msk"/>
  <File Type="ROUTE-ERROR-DCP" Name="big_daddy_routed_error.dcp"/>
  <File Type="ROUTE-DCP" Name="big_daddy_routed.dcp"/>
  <File Type="ROUTE-BLACKBOX-DCP" Name="big_daddy_routed_bb.dcp"/>
  <File Type="ROUTE-DRC" Name="big_daddy_drc_routed.rpt"/>
  <File Type="ROUTE-DRC-PB" Name="big_daddy_drc_routed.pb"/>
  <File Type="ROUTE-DRC-RPX" Name="big_daddy_drc_routed.rpx"/>
  <File Type="BITSTR-LTX" Name="big_daddy.ltx"/>
  <File Type="ROUTE-METHODOLOGY-DRC" Name="big_daddy_methodology_drc_routed.rpt"/>
  <File Type="BITSTR-MMI" Name="big_daddy.mmi"/>
  <File Type="ROUTE-METHODOLOGY-DRC-RPX" Name="big_daddy_methodology_drc_routed.rpx"/>
  <File Type="ROUTE-METHODOLOGY-DRC-PB" Name="big_daddy_methodology_drc_routed.pb"/>
  <File Type="BITSTR-SYSDEF" Name="big_daddy.sysdef"/>
  <File Type="ROUTE-PWR-RPX" Name="big_daddy_power_routed.rpx"/>
  <File Type="ROUTE-STATUS" Name="big_daddy_route_status.rpt"/>
  <File Type="ROUTE-STATUS-PB" Name="big_daddy_route_status.pb"/>
  <File Type="ROUTE-TIMINGSUMMARY" Name="big_daddy_timing_summary_routed.rpt"/>
  <File Type="ROUTE-TIMING-PB" Name="big_daddy_timing_summary_routed.pb"/>
  <File Type="ROUTE-TIMING-RPX" Name="big_daddy_timing_summary_routed.rpx"/>
  <File Type="ROUTE-CLK" Name="big_daddy_clock_utilization_routed.rpt"/>
  <File Type="ROUTE-BUS-SKEW" Name="big_daddy_bus_skew_routed.rpt"/>
  <File Type="ROUTE-BUS-SKEW-PB" Name="big_daddy_bus_skew_routed.pb"/>
  <File Type="ROUTE-BUS-SKEW-RPX" Name="big_daddy_bus_skew_routed.rpx"/>
  <File Type="POSTROUTE-PHYSOPT-DCP" Name="big_daddy_postroute_physopt.dcp"/>
  <File Type="POSTROUTE-PHYSOPT-BLACKBOX-DCP" Name="big_daddy_postroute_physopt_bb.dcp"/>
  <File Type="BG-BIT" Name="big_daddy.bit"/>
  <File Type="BITSTR-RBT" Name="big_daddy.rbt"/>
  <File Type="BITSTR-NKY" Name="big_daddy.nky"/>
  <File Type="BG-DRC" Name="big_daddy.drc"/>
  <File Type="RDI-RDI" Name="big_daddy.vdi"/>
  <File Type="WBT-USG" Name="usage_statistics_webtalk.html"/>
  <FileSet Name="sources" Type="DesignSrcs" RelSrcDir="$PSRCDIR/sources_1">
    <Filter Type="Srcs"/>
    <File Path="$PSRCDIR/sources_1/new/ButtonSense_Clock.v">
      <FileInfo>
        <Attr Name="ImportPath" Val="$PPRDIR/../../../../../../../../../../../../../../../../../../../Version2.xpr/project_1/project_1.srcs/sources_1/new/ButtonSense_Clock.v"/>
        <Attr Name="ImportTime" Val="1615284490"/>
        <Attr Name="UsedIn" Val="synthesis"/>
        <Attr Name="UsedIn" Val="implementation"/>
        <Attr Name="UsedIn" Val="simulation"/>
      </FileInfo>
    </File>
    <File Path="$PSRCDIR/sources_1/new/GenerateB_Image.v">
      <FileInfo>
        <Attr Name="ImportPath" Val="$PPRDIR/../../../../../../../../../../../../../../../../../../../Version2.xpr/project_1/project_1.srcs/sources_1/new/GenerateB_Image.v"/>
        <Attr Name="ImportTime" Val="1615296706"/>
        <Attr Name="UsedIn" Val="synthesis"/>
        <Attr Name="UsedIn" Val="implementation"/>
        <Attr Name="UsedIn" Val="simulation"/>
      </FileInfo>
    </File>
    <File Path="$PSRCDIR/sources_1/new/GenerateChar.v">
      <FileInfo>
        <Attr Name="ImportPath" Val="$PPRDIR/../../../../../../../../../../../../../../../../../../project_1/project_1.srcs/sources_1/new/GenerateChar.v"/>
        <Attr Name="ImportTime" Val="1615237204"/>
        <Attr Name="UsedIn" Val="synthesis"/>
        <Attr Name="UsedIn" Val="implementation"/>
        <Attr Name="UsedIn" Val="simulation"/>
      </FileInfo>
    </File>
    <File Path="$PSRCDIR/sources_1/new/GenerateCharStay.v">
      <FileInfo>
        <Attr Name="ImportPath" Val="$PPRDIR/../../../../../../../../../../../../../../../../../../project_1/project_1.srcs/sources_1/new/GenerateCharStay.v"/>
        <Attr Name="ImportTime" Val="1615238614"/>
        <Attr Name="UsedIn" Val="synthesis"/>
        <Attr Name="UsedIn" Val="implementation"/>
        <Attr Name="UsedIn" Val="simulation"/>
      </FileInfo>
    </File>
    <File Path="$PSRCDIR/sources_1/new/GenerateCharStay_Clock.v">
      <FileInfo>
        <Attr Name="ImportPath" Val="$PPRDIR/../../../../../../../../../../../../../../../../../../project_1/project_1.srcs/sources_1/new/GenerateCharStay_Clock.v"/>
        <Attr Name="ImportTime" Val="1615237402"/>
        <Attr Name="UsedIn" Val="synthesis"/>
        <Attr Name="UsedIn" Val="implementation"/>
        <Attr Name="UsedIn" Val="simulation"/>
      </FileInfo>
    </File>
    <File Path="$PSRCDIR/sources_1/new/GenerateImageClock.v">
      <FileInfo>
        <Attr Name="ImportPath" Val="$PPRDIR/../../../../../../../../../../../../../../../../../../../Version2.xpr/project_1/project_1.srcs/sources_1/new/GenerateImageClock.v"/>
        <Attr Name="ImportTime" Val="1615277286"/>
        <Attr Name="UsedIn" Val="synthesis"/>
        <Attr Name="UsedIn" Val="implementation"/>
        <Attr Name="UsedIn" Val="simulation"/>
      </FileInfo>
    </File>
    <File Path="$PSRCDIR/sources_1/new/Hz0dot745_Clock.v">
      <FileInfo>
        <Attr Name="ImportPath" Val="$PPRDIR/../../../../../../../../../../../../../../../../../../project_1/project_1.srcs/sources_1/new/Hz0dot745_Clock.v"/>
        <Attr Name="ImportTime" Val="1615226128"/>
        <Attr Name="UsedIn" Val="synthesis"/>
        <Attr Name="UsedIn" Val="implementation"/>
        <Attr Name="UsedIn" Val="simulation"/>
      </FileInfo>
    </File>
    <File Path="$PSRCDIR/sources_1/new/Hz500_Clock.v">
      <FileInfo>
        <Attr Name="ImportPath" Val="$PPRDIR/../../../../../../../../../../../../../../../../../../project_1/project_1.srcs/sources_1/new/Hz500_Clock.v"/>
        <Attr Name="ImportTime" Val="1615229252"/>
        <Attr Name="UsedIn" Val="synthesis"/>
        <Attr Name="UsedIn" Val="implementation"/>
        <Attr Name="UsedIn" Val="simulation"/>
      </FileInfo>
    </File>
    <File Path="$PSRCDIR/sources_1/new/Hz5dot95_Clock.v">
      <FileInfo>
        <Attr Name="ImportPath" Val="$PPRDIR/../../../../../../../../../../../../../../../../../../../../../../project_1/project_1.srcs/sources_1/new/Hz5dot95_Clock.v"/>
        <Attr Name="ImportTime" Val="1615217878"/>
        <Attr Name="UsedIn" Val="synthesis"/>
        <Attr Name="UsedIn" Val="implementation"/>
        <Attr Name="UsedIn" Val="simulation"/>
      </FileInfo>
    </File>
    <File Path="$PSRCDIR/sources_1/new/LED_Control.v">
      <FileInfo>
        <Attr Name="ImportPath" Val="$PPRDIR/../../../../../../../../../../../../../../../../../../../../../../project_1/project_1.srcs/sources_1/new/LED_Control.v"/>
        <Attr Name="ImportTime" Val="1615218624"/>
        <Attr Name="UsedIn" Val="synthesis"/>
        <Attr Name="UsedIn" Val="implementation"/>
        <Attr Name="UsedIn" Val="simulation"/>
      </FileInfo>
    </File>
    <File Path="$PSRCDIR/sources_1/new/MatricNumberStay.v">
      <FileInfo>
        <Attr Name="ImportPath" Val="$PPRDIR/../../../../../../../../../../../../../../../../../../project_1/project_1.srcs/sources_1/new/MatricNumberStay.v"/>
        <Attr Name="ImportTime" Val="1615244020"/>
        <Attr Name="UsedIn" Val="synthesis"/>
        <Attr Name="UsedIn" Val="implementation"/>
        <Attr Name="UsedIn" Val="simulation"/>
      </FileInfo>
    </File>
    <File Path="$PSRCDIR/sources_1/new/SevenSegment_Control.v">
      <FileInfo>
        <Attr Name="ImportPath" Val="$PPRDIR/../../../../../../../../../../../../../../../../../../project_1/project_1.srcs/sources_1/new/SevenSegment_Control.v"/>
        <Attr Name="ImportTime" Val="1615243698"/>
        <Attr Name="UsedIn" Val="synthesis"/>
        <Attr Name="UsedIn" Val="implementation"/>
        <Attr Name="UsedIn" Val="simulation"/>
      </FileInfo>
    </File>
    <File Path="$PSRCDIR/sources_1/new/button_debouncer.v">
      <FileInfo>
        <Attr Name="ImportPath" Val="$PPRDIR/../../../../../../../../../../../../../../../../../../../../../../project_1/project_1.srcs/sources_1/new/button_debouncer.v"/>
        <Attr Name="ImportTime" Val="1615216194"/>
        <Attr Name="UsedIn" Val="synthesis"/>
        <Attr Name="UsedIn" Val="implementation"/>
        <Attr Name="UsedIn" Val="simulation"/>
      </FileInfo>
    </File>
    <File Path="$PSRCDIR/sources_1/new/button_sense.v">
      <FileInfo>
        <Attr Name="ImportPath" Val="$PPRDIR/../../../../../../../../../../../../../../../../../../../../../../project_1/project_1.srcs/sources_1/new/button_sense.v"/>
        <Attr Name="ImportTime" Val="1615217148"/>
        <Attr Name="UsedIn" Val="synthesis"/>
        <Attr Name="UsedIn" Val="implementation"/>
        <Attr Name="UsedIn" Val="simulation"/>
      </FileInfo>
    </File>
    <File Path="$PSRCDIR/sources_1/new/dff.v">
      <FileInfo>
        <Attr Name="ImportPath" Val="$PPRDIR/../../../../../../../../../../../../../../../../../../../../../../project_1/project_1.srcs/sources_1/new/dff.v"/>
        <Attr Name="ImportTime" Val="1615216096"/>
        <Attr Name="UsedIn" Val="synthesis"/>
        <Attr Name="UsedIn" Val="implementation"/>
        <Attr Name="UsedIn" Val="simulation"/>
      </FileInfo>
    </File>
    <File Path="$PSRCDIR/sources_1/new/big_daddy.v">
      <FileInfo>
        <Attr Name="ImportPath" Val="$PPRDIR/../../../../../../../../../../../../../../../../../../../../../../project_1/project_1.srcs/sources_1/new/big_daddy.v"/>
        <Attr Name="ImportTime" Val="1615218626"/>
        <Attr Name="UsedIn" Val="synthesis"/>
        <Attr Name="UsedIn" Val="implementation"/>
        <Attr Name="UsedIn" Val="simulation"/>
      </FileInfo>
    </File>
    <File Path="$PSRCDIR/sources_1/imports/project_1/archive_project_summary.txt">
      <FileInfo>
        <Attr Name="ImportPath" Val="$PPRDIR/../../../../archive_project_summary.txt"/>
        <Attr Name="ImportTime" Val="1615584206"/>
      </FileInfo>
    </File>
    <Config>
      <Option Name="DesignMode" Val="RTL"/>
      <Option Name="TopModule" Val="big_daddy"/>
      <Option Name="TopAutoSet" Val="TRUE"/>
    </Config>
  </FileSet>
  <FileSet Name="constrs_in" Type="Constrs" RelSrcDir="$PSRCDIR/constrs_1">
    <Filter Type="Constrs"/>
    <File Path="$PSRCDIR/constrs_1/new/constraints.xdc">
      <FileInfo>
        <Attr Name="ImportPath" Val="$PPRDIR/../../../../../../../../../../../../../../../../../../../../../../project_1/project_1.srcs/constrs_1/new/constraints.xdc"/>
        <Attr Name="ImportTime" Val="1615219248"/>
        <Attr Name="UsedIn" Val="synthesis"/>
        <Attr Name="UsedIn" Val="implementation"/>
      </FileInfo>
    </File>
    <Config>
      <Option Name="ConstrsType" Val="XDC"/>
    </Config>
  </FileSet>
  <Strategy Version="1" Minor="2">
    <StratHandle Name="Vivado Implementation Defaults" Flow="Vivado Implementation 2018"/>
    <Step Id="init_design"/>
    <Step Id="opt_design"/>
    <Step Id="power_opt_design"/>
    <Step Id="place_design"/>
    <Step Id="post_place_power_opt_design"/>
    <Step Id="phys_opt_design"/>
    <Step Id="route_design"/>
    <Step Id="post_route_phys_opt_design"/>
    <Step Id="write_bitstream"/>
  </Strategy>
</GenRun>
