<?xml version="1.0" encoding="UTF-8"?>
<GenRun Id="synth_1" LaunchPart="xc7a35tcpg236-1" LaunchTime="1613613136">
  <File Type="PA-TCL" Name="blinky.tcl"/>
  <File Type="REPORTS-TCL" Name="blinky_reports.tcl"/>
  <File Type="RDS-RDS" Name="blinky.vds"/>
  <File Type="RDS-UTIL" Name="blinky_utilization_synth.rpt"/>
  <File Type="RDS-UTIL-PB" Name="blinky_utilization_synth.pb"/>
  <File Type="RDS-DCP" Name="blinky.dcp"/>
  <FileSet Name="sources" Type="DesignSrcs" RelSrcDir="$PSRCDIR/sources_1">
    <Filter Type="Srcs"/>
    <File Path="$PSRCDIR/sources_1/new/blinky.v">
      <FileInfo>
        <Attr Name="ImportPath" Val="$PPRDIR/../../../../assignment_3/assignment_3.srcs/sources_1/new/blinky.v"/>
        <Attr Name="ImportTime" Val="1613613134"/>
        <Attr Name="UsedIn" Val="synthesis"/>
        <Attr Name="UsedIn" Val="implementation"/>
        <Attr Name="UsedIn" Val="simulation"/>
      </FileInfo>
    </File>
    <Config>
      <Option Name="DesignMode" Val="RTL"/>
      <Option Name="TopModule" Val="blinky"/>
      <Option Name="TopAutoSet" Val="TRUE"/>
    </Config>
  </FileSet>
  <FileSet Name="constrs_in" Type="Constrs" RelSrcDir="$PSRCDIR/constrs_1">
    <Filter Type="Constrs"/>
    <File Path="$PSRCDIR/constrs_1/new/blinky_constraints.xdc">
      <FileInfo>
        <Attr Name="ImportPath" Val="$PPRDIR/../../../../assignment_3/assignment_3.srcs/constrs_1/new/blinky_constraints.xdc"/>
        <Attr Name="ImportTime" Val="1613613109"/>
        <Attr Name="UsedIn" Val="synthesis"/>
        <Attr Name="UsedIn" Val="implementation"/>
      </FileInfo>
    </File>
    <Config>
      <Option Name="ConstrsType" Val="XDC"/>
    </Config>
  </FileSet>
  <Strategy Version="1" Minor="2">
    <StratHandle Name="Vivado Synthesis Defaults" Flow="Vivado Synthesis 2018"/>
    <Step Id="synth_design"/>
  </Strategy>
</GenRun>
