<?xml version="1.0" encoding="UTF-8"?>
<GenRun Id="synth_1" LaunchPart="xc7a35tcpg236-1" LaunchTime="1613338460">
  <File Type="PA-TCL" Name="sevenbitsubtractor_assignment_2.tcl"/>
  <File Type="REPORTS-TCL" Name="sevenbitsubtractor_assignment_2_reports.tcl"/>
  <File Type="RDS-RDS" Name="sevenbitsubtractor_assignment_2.vds"/>
  <File Type="RDS-UTIL" Name="sevenbitsubtractor_assignment_2_utilization_synth.rpt"/>
  <File Type="RDS-UTIL-PB" Name="sevenbitsubtractor_assignment_2_utilization_synth.pb"/>
  <File Type="RDS-DCP" Name="sevenbitsubtractor_assignment_2.dcp"/>
  <FileSet Name="sources" Type="DesignSrcs" RelSrcDir="$PSRCDIR/sources_1">
    <Filter Type="Srcs"/>
    <File Path="$PSRCDIR/sources_1/new/fivebitadder_assignment_2.v">
      <FileInfo>
        <Attr Name="ImportPath" Val="$PPRDIR/../../../../assignment_2.srcs/sources_1/new/fivebitadder_assignment_2.v"/>
        <Attr Name="ImportTime" Val="1612943213"/>
        <Attr Name="UsedIn" Val="synthesis"/>
        <Attr Name="UsedIn" Val="implementation"/>
        <Attr Name="UsedIn" Val="simulation"/>
      </FileInfo>
    </File>
    <File Path="$PSRCDIR/sources_1/new/onebitadder_assignment_2.v">
      <FileInfo>
        <Attr Name="ImportPath" Val="$PPRDIR/../../../../assignment_2.srcs/sources_1/new/onebitadder_assignment_2.v"/>
        <Attr Name="ImportTime" Val="1612941024"/>
        <Attr Name="UsedIn" Val="synthesis"/>
        <Attr Name="UsedIn" Val="implementation"/>
        <Attr Name="UsedIn" Val="simulation"/>
      </FileInfo>
    </File>
    <File Path="$PSRCDIR/sources_1/new/sevenbitadder_assignment_2.v">
      <FileInfo>
        <Attr Name="ImportPath" Val="$PPRDIR/../../../../assignment_2.srcs/sources_1/new/sevenbitadder_assignment_2.v"/>
        <Attr Name="ImportTime" Val="1612954534"/>
        <Attr Name="UsedIn" Val="synthesis"/>
        <Attr Name="UsedIn" Val="implementation"/>
        <Attr Name="UsedIn" Val="simulation"/>
      </FileInfo>
    </File>
    <File Path="$PSRCDIR/sources_1/new/twobitadder_assignment_2.v">
      <FileInfo>
        <Attr Name="ImportPath" Val="$PPRDIR/../../../../assignment_2.srcs/sources_1/new/twobitadder_assignment_2.v"/>
        <Attr Name="ImportTime" Val="1612943213"/>
        <Attr Name="UsedIn" Val="synthesis"/>
        <Attr Name="UsedIn" Val="implementation"/>
        <Attr Name="UsedIn" Val="simulation"/>
      </FileInfo>
    </File>
    <File Path="$PSRCDIR/sources_1/new/sevenbitsubtractor_assignment_2.v">
      <FileInfo>
        <Attr Name="ImportPath" Val="$PPRDIR/../../../../assignment_2.srcs/sources_1/new/sevenbitsubtractor_assignment_2.v"/>
        <Attr Name="ImportTime" Val="1613338374"/>
        <Attr Name="UsedIn" Val="synthesis"/>
        <Attr Name="UsedIn" Val="implementation"/>
        <Attr Name="UsedIn" Val="simulation"/>
      </FileInfo>
    </File>
    <Config>
      <Option Name="DesignMode" Val="RTL"/>
      <Option Name="TopModule" Val="sevenbitsubtractor_assignment_2"/>
      <Option Name="TopAutoSet" Val="TRUE"/>
    </Config>
  </FileSet>
  <FileSet Name="constrs_in" Type="Constrs" RelSrcDir="$PSRCDIR/constrs_1">
    <Filter Type="Constrs"/>
    <File Path="$PSRCDIR/constrs_1/new/assignment_2_constraints.xdc">
      <FileInfo>
        <Attr Name="ImportPath" Val="$PPRDIR/../../../../assignment_2.srcs/constrs_1/new/assignment_2_constraints.xdc"/>
        <Attr Name="ImportTime" Val="1613338459"/>
        <Attr Name="UsedIn" Val="synthesis"/>
        <Attr Name="UsedIn" Val="implementation"/>
      </FileInfo>
    </File>
    <Config>
      <Option Name="TargetConstrsFile" Val="$PSRCDIR/constrs_1/new/assignment_2_constraints.xdc"/>
      <Option Name="ConstrsType" Val="XDC"/>
    </Config>
  </FileSet>
  <Strategy Version="1" Minor="2">
    <StratHandle Name="Vivado Synthesis Defaults" Flow="Vivado Synthesis 2018"/>
    <Step Id="synth_design"/>
  </Strategy>
</GenRun>
