<?xml version="1.0" encoding="UTF-8"?>
<GenRun Id="synth_1" LaunchPart="xc7a35tcpg236-1" LaunchTime="1614298991">
  <File Type="PA-TCL" Name="DamSystem.tcl"/>
  <File Type="REPORTS-TCL" Name="DamSystem_reports.tcl"/>
  <File Type="RDS-RDS" Name="DamSystem.vds"/>
  <File Type="RDS-UTIL" Name="DamSystem_utilization_synth.rpt"/>
  <File Type="RDS-UTIL-PB" Name="DamSystem_utilization_synth.pb"/>
  <File Type="RDS-DCP" Name="DamSystem.dcp"/>
  <FileSet Name="sources" Type="DesignSrcs" RelSrcDir="$PSRCDIR/sources_1">
    <Filter Type="Srcs"/>
    <File Path="$PSRCDIR/sources_1/new/DischargeValve.v">
      <FileInfo>
        <Attr Name="ImportPath" Val="$PPRDIR/../../../../assignment_4.srcs/sources_1/new/DischargeValve.v"/>
        <Attr Name="ImportTime" Val="1614298112"/>
        <Attr Name="UsedIn" Val="synthesis"/>
        <Attr Name="UsedIn" Val="implementation"/>
        <Attr Name="UsedIn" Val="simulation"/>
      </FileInfo>
    </File>
    <File Path="$PSRCDIR/sources_1/new/Hz1dot5_Clock.v">
      <FileInfo>
        <Attr Name="ImportPath" Val="$PPRDIR/../../../../assignment_4.srcs/sources_1/new/Hz1dot5_Clock.v"/>
        <Attr Name="ImportTime" Val="1614287082"/>
        <Attr Name="UsedIn" Val="synthesis"/>
        <Attr Name="UsedIn" Val="implementation"/>
        <Attr Name="UsedIn" Val="simulation"/>
      </FileInfo>
    </File>
    <File Path="$PSRCDIR/sources_1/new/Hz3_Clock.v">
      <FileInfo>
        <Attr Name="ImportPath" Val="$PPRDIR/../../../../assignment_4.srcs/sources_1/new/Hz3_Clock.v"/>
        <Attr Name="ImportTime" Val="1614192674"/>
        <Attr Name="UsedIn" Val="synthesis"/>
        <Attr Name="UsedIn" Val="implementation"/>
        <Attr Name="UsedIn" Val="simulation"/>
      </FileInfo>
    </File>
    <File Path="$PSRCDIR/sources_1/new/LEDControl.v">
      <FileInfo>
        <Attr Name="ImportPath" Val="$PPRDIR/../../../../assignment_4.srcs/sources_1/new/LEDControl.v"/>
        <Attr Name="ImportTime" Val="1614290198"/>
        <Attr Name="UsedIn" Val="synthesis"/>
        <Attr Name="UsedIn" Val="implementation"/>
        <Attr Name="UsedIn" Val="simulation"/>
      </FileInfo>
    </File>
    <File Path="$PSRCDIR/sources_1/new/Reservoir.v">
      <FileInfo>
        <Attr Name="ImportPath" Val="$PPRDIR/../../../../assignment_4.srcs/sources_1/new/Reservoir.v"/>
        <Attr Name="ImportTime" Val="1614298966"/>
        <Attr Name="UsedIn" Val="synthesis"/>
        <Attr Name="UsedIn" Val="implementation"/>
        <Attr Name="UsedIn" Val="simulation"/>
      </FileInfo>
    </File>
    <File Path="$PSRCDIR/sources_1/new/SevenSegment.v">
      <FileInfo>
        <Attr Name="ImportPath" Val="$PPRDIR/../../../../assignment_4.srcs/sources_1/new/SevenSegment.v"/>
        <Attr Name="ImportTime" Val="1614298966"/>
        <Attr Name="UsedIn" Val="synthesis"/>
        <Attr Name="UsedIn" Val="implementation"/>
        <Attr Name="UsedIn" Val="simulation"/>
      </FileInfo>
    </File>
    <File Path="$PSRCDIR/sources_1/new/DamSystem.v">
      <FileInfo>
        <Attr Name="ImportPath" Val="$PPRDIR/../../../../assignment_4.srcs/sources_1/new/DamSystem.v"/>
        <Attr Name="ImportTime" Val="1614291944"/>
        <Attr Name="UsedIn" Val="synthesis"/>
        <Attr Name="UsedIn" Val="implementation"/>
        <Attr Name="UsedIn" Val="simulation"/>
      </FileInfo>
    </File>
    <Config>
      <Option Name="DesignMode" Val="RTL"/>
      <Option Name="TopModule" Val="DamSystem"/>
    </Config>
  </FileSet>
  <FileSet Name="constrs_in" Type="Constrs" RelSrcDir="$PSRCDIR/constrs_1">
    <Filter Type="Constrs"/>
    <File Path="$PSRCDIR/constrs_1/new/basy3_constraints.xdc">
      <FileInfo>
        <Attr Name="ImportPath" Val="$PPRDIR/../../../../assignment_4.srcs/constrs_1/new/basy3_constraints.xdc"/>
        <Attr Name="ImportTime" Val="1614185630"/>
        <Attr Name="UsedIn" Val="synthesis"/>
        <Attr Name="UsedIn" Val="implementation"/>
      </FileInfo>
    </File>
    <Config>
      <Option Name="ConstrsType" Val="XDC"/>
    </Config>
  </FileSet>
  <Strategy Version="1" Minor="2">
    <StratHandle Name="Vivado Synthesis Defaults" Flow="Vivado Synthesis 2018"/>
    <Step Id="synth_design"/>
  </Strategy>
</GenRun>
