<?xml version="1.0" encoding="UTF-8"?>
<GenRun Id="impl_1" LaunchPart="xc7a35tcpg236-1" LaunchTime="1613338503">
  <File Type="ROUTE-PWR" Name="sevenbitsubtractor_assignment_2_power_routed.rpt"/>
  <File Type="PA-TCL" Name="sevenbitsubtractor_assignment_2.tcl"/>
  <File Type="BITSTR-BMM" Name="sevenbitsubtractor_assignment_2_bd.bmm"/>
  <File Type="ROUTE-PWR-SUM" Name="sevenbitsubtractor_assignment_2_power_summary_routed.pb"/>
  <File Type="REPORTS-TCL" Name="sevenbitsubtractor_assignment_2_reports.tcl"/>
  <File Type="OPT-DCP" Name="sevenbitsubtractor_assignment_2_opt.dcp"/>
  <File Type="OPT-DRC" Name="sevenbitsubtractor_assignment_2_drc_opted.rpt"/>
  <File Type="OPT-HWDEF" Name="sevenbitsubtractor_assignment_2.hwdef"/>
  <File Type="PWROPT-DCP" Name="sevenbitsubtractor_assignment_2_pwropt.dcp"/>
  <File Type="PLACE-DCP" Name="sevenbitsubtractor_assignment_2_placed.dcp"/>
  <File Type="PLACE-IO" Name="sevenbitsubtractor_assignment_2_io_placed.rpt"/>
  <File Type="PLACE-UTIL" Name="sevenbitsubtractor_assignment_2_utilization_placed.rpt"/>
  <File Type="PLACE-UTIL-PB" Name="sevenbitsubtractor_assignment_2_utilization_placed.pb"/>
  <File Type="PLACE-CTRL" Name="sevenbitsubtractor_assignment_2_control_sets_placed.rpt"/>
  <File Type="PLACE-PRE-SIMILARITY" Name="sevenbitsubtractor_assignment_2_incremental_reuse_pre_placed.rpt"/>
  <File Type="BG-BGN" Name="sevenbitsubtractor_assignment_2.bgn"/>
  <File Type="POSTPLACE-PWROPT-DCP" Name="sevenbitsubtractor_assignment_2_postplace_pwropt.dcp"/>
  <File Type="BG-BIN" Name="sevenbitsubtractor_assignment_2.bin"/>
  <File Type="PHYSOPT-DCP" Name="sevenbitsubtractor_assignment_2_physopt.dcp"/>
  <File Type="BITSTR-MSK" Name="sevenbitsubtractor_assignment_2.msk"/>
  <File Type="ROUTE-ERROR-DCP" Name="sevenbitsubtractor_assignment_2_routed_error.dcp"/>
  <File Type="ROUTE-DCP" Name="sevenbitsubtractor_assignment_2_routed.dcp"/>
  <File Type="ROUTE-BLACKBOX-DCP" Name="sevenbitsubtractor_assignment_2_routed_bb.dcp"/>
  <File Type="ROUTE-DRC" Name="sevenbitsubtractor_assignment_2_drc_routed.rpt"/>
  <File Type="ROUTE-DRC-PB" Name="sevenbitsubtractor_assignment_2_drc_routed.pb"/>
  <File Type="ROUTE-DRC-RPX" Name="sevenbitsubtractor_assignment_2_drc_routed.rpx"/>
  <File Type="BITSTR-LTX" Name="sevenbitsubtractor_assignment_2.ltx"/>
  <File Type="ROUTE-METHODOLOGY-DRC" Name="sevenbitsubtractor_assignment_2_methodology_drc_routed.rpt"/>
  <File Type="BITSTR-MMI" Name="sevenbitsubtractor_assignment_2.mmi"/>
  <File Type="ROUTE-METHODOLOGY-DRC-RPX" Name="sevenbitsubtractor_assignment_2_methodology_drc_routed.rpx"/>
  <File Type="ROUTE-METHODOLOGY-DRC-PB" Name="sevenbitsubtractor_assignment_2_methodology_drc_routed.pb"/>
  <File Type="BITSTR-SYSDEF" Name="sevenbitsubtractor_assignment_2.sysdef"/>
  <File Type="ROUTE-PWR-RPX" Name="sevenbitsubtractor_assignment_2_power_routed.rpx"/>
  <File Type="ROUTE-STATUS" Name="sevenbitsubtractor_assignment_2_route_status.rpt"/>
  <File Type="ROUTE-STATUS-PB" Name="sevenbitsubtractor_assignment_2_route_status.pb"/>
  <File Type="ROUTE-TIMINGSUMMARY" Name="sevenbitsubtractor_assignment_2_timing_summary_routed.rpt"/>
  <File Type="ROUTE-TIMING-PB" Name="sevenbitsubtractor_assignment_2_timing_summary_routed.pb"/>
  <File Type="ROUTE-TIMING-RPX" Name="sevenbitsubtractor_assignment_2_timing_summary_routed.rpx"/>
  <File Type="ROUTE-CLK" Name="sevenbitsubtractor_assignment_2_clock_utilization_routed.rpt"/>
  <File Type="ROUTE-BUS-SKEW" Name="sevenbitsubtractor_assignment_2_bus_skew_routed.rpt"/>
  <File Type="ROUTE-BUS-SKEW-PB" Name="sevenbitsubtractor_assignment_2_bus_skew_routed.pb"/>
  <File Type="ROUTE-BUS-SKEW-RPX" Name="sevenbitsubtractor_assignment_2_bus_skew_routed.rpx"/>
  <File Type="POSTROUTE-PHYSOPT-DCP" Name="sevenbitsubtractor_assignment_2_postroute_physopt.dcp"/>
  <File Type="POSTROUTE-PHYSOPT-BLACKBOX-DCP" Name="sevenbitsubtractor_assignment_2_postroute_physopt_bb.dcp"/>
  <File Type="BG-BIT" Name="sevenbitsubtractor_assignment_2.bit"/>
  <File Type="BITSTR-RBT" Name="sevenbitsubtractor_assignment_2.rbt"/>
  <File Type="BITSTR-NKY" Name="sevenbitsubtractor_assignment_2.nky"/>
  <File Type="BG-DRC" Name="sevenbitsubtractor_assignment_2.drc"/>
  <File Type="RDI-RDI" Name="sevenbitsubtractor_assignment_2.vdi"/>
  <File Type="WBT-USG" Name="usage_statistics_webtalk.html"/>
  <FileSet Name="sources" Type="DesignSrcs" RelSrcDir="$PSRCDIR/sources_1">
    <Filter Type="Srcs"/>
    <File Path="$PSRCDIR/sources_1/new/fivebitadder_assignment_2.v">
      <FileInfo>
        <Attr Name="ImportPath" Val="$PPRDIR/../../../../assignment_2.srcs/sources_1/new/fivebitadder_assignment_2.v"/>
        <Attr Name="ImportTime" Val="1612943213"/>
        <Attr Name="UsedIn" Val="synthesis"/>
        <Attr Name="UsedIn" Val="implementation"/>
        <Attr Name="UsedIn" Val="simulation"/>
      </FileInfo>
    </File>
    <File Path="$PSRCDIR/sources_1/new/onebitadder_assignment_2.v">
      <FileInfo>
        <Attr Name="ImportPath" Val="$PPRDIR/../../../../assignment_2.srcs/sources_1/new/onebitadder_assignment_2.v"/>
        <Attr Name="ImportTime" Val="1612941024"/>
        <Attr Name="UsedIn" Val="synthesis"/>
        <Attr Name="UsedIn" Val="implementation"/>
        <Attr Name="UsedIn" Val="simulation"/>
      </FileInfo>
    </File>
    <File Path="$PSRCDIR/sources_1/new/sevenbitadder_assignment_2.v">
      <FileInfo>
        <Attr Name="ImportPath" Val="$PPRDIR/../../../../assignment_2.srcs/sources_1/new/sevenbitadder_assignment_2.v"/>
        <Attr Name="ImportTime" Val="1612954534"/>
        <Attr Name="UsedIn" Val="synthesis"/>
        <Attr Name="UsedIn" Val="implementation"/>
        <Attr Name="UsedIn" Val="simulation"/>
      </FileInfo>
    </File>
    <File Path="$PSRCDIR/sources_1/new/twobitadder_assignment_2.v">
      <FileInfo>
        <Attr Name="ImportPath" Val="$PPRDIR/../../../../assignment_2.srcs/sources_1/new/twobitadder_assignment_2.v"/>
        <Attr Name="ImportTime" Val="1612943213"/>
        <Attr Name="UsedIn" Val="synthesis"/>
        <Attr Name="UsedIn" Val="implementation"/>
        <Attr Name="UsedIn" Val="simulation"/>
      </FileInfo>
    </File>
    <File Path="$PSRCDIR/sources_1/new/sevenbitsubtractor_assignment_2.v">
      <FileInfo>
        <Attr Name="ImportPath" Val="$PPRDIR/../../../../assignment_2.srcs/sources_1/new/sevenbitsubtractor_assignment_2.v"/>
        <Attr Name="ImportTime" Val="1613338374"/>
        <Attr Name="UsedIn" Val="synthesis"/>
        <Attr Name="UsedIn" Val="implementation"/>
        <Attr Name="UsedIn" Val="simulation"/>
      </FileInfo>
    </File>
    <Config>
      <Option Name="DesignMode" Val="RTL"/>
      <Option Name="TopModule" Val="sevenbitsubtractor_assignment_2"/>
      <Option Name="TopAutoSet" Val="TRUE"/>
    </Config>
  </FileSet>
  <FileSet Name="constrs_in" Type="Constrs" RelSrcDir="$PSRCDIR/constrs_1">
    <Filter Type="Constrs"/>
    <File Path="$PSRCDIR/constrs_1/new/assignment_2_constraints.xdc">
      <FileInfo>
        <Attr Name="ImportPath" Val="$PPRDIR/../../../../assignment_2.srcs/constrs_1/new/assignment_2_constraints.xdc"/>
        <Attr Name="ImportTime" Val="1613338459"/>
        <Attr Name="UsedIn" Val="synthesis"/>
        <Attr Name="UsedIn" Val="implementation"/>
      </FileInfo>
    </File>
    <Config>
      <Option Name="TargetConstrsFile" Val="$PSRCDIR/constrs_1/new/assignment_2_constraints.xdc"/>
      <Option Name="ConstrsType" Val="XDC"/>
    </Config>
  </FileSet>
  <Strategy Version="1" Minor="2">
    <StratHandle Name="Vivado Implementation Defaults" Flow="Vivado Implementation 2018"/>
    <Step Id="init_design"/>
    <Step Id="opt_design"/>
    <Step Id="power_opt_design"/>
    <Step Id="place_design"/>
    <Step Id="post_place_power_opt_design"/>
    <Step Id="phys_opt_design"/>
    <Step Id="route_design"/>
    <Step Id="post_route_phys_opt_design"/>
    <Step Id="write_bitstream"/>
  </Strategy>
</GenRun>
