<?xml version="1.0" encoding="UTF-8"?>
<GenRun Id="impl_1" LaunchPart="xc7a35tcpg236-1" LaunchTime="1614299062">
  <File Type="ROUTE-PWR" Name="DamSystem_power_routed.rpt"/>
  <File Type="PA-TCL" Name="DamSystem.tcl"/>
  <File Type="BITSTR-BMM" Name="DamSystem_bd.bmm"/>
  <File Type="ROUTE-PWR-SUM" Name="DamSystem_power_summary_routed.pb"/>
  <File Type="REPORTS-TCL" Name="DamSystem_reports.tcl"/>
  <File Type="OPT-DCP" Name="DamSystem_opt.dcp"/>
  <File Type="OPT-DRC" Name="DamSystem_drc_opted.rpt"/>
  <File Type="OPT-HWDEF" Name="DamSystem.hwdef"/>
  <File Type="PWROPT-DCP" Name="DamSystem_pwropt.dcp"/>
  <File Type="PLACE-DCP" Name="DamSystem_placed.dcp"/>
  <File Type="PLACE-IO" Name="DamSystem_io_placed.rpt"/>
  <File Type="PLACE-UTIL" Name="DamSystem_utilization_placed.rpt"/>
  <File Type="PLACE-UTIL-PB" Name="DamSystem_utilization_placed.pb"/>
  <File Type="PLACE-CTRL" Name="DamSystem_control_sets_placed.rpt"/>
  <File Type="PLACE-PRE-SIMILARITY" Name="DamSystem_incremental_reuse_pre_placed.rpt"/>
  <File Type="BG-BGN" Name="DamSystem.bgn"/>
  <File Type="POSTPLACE-PWROPT-DCP" Name="DamSystem_postplace_pwropt.dcp"/>
  <File Type="BG-BIN" Name="DamSystem.bin"/>
  <File Type="PHYSOPT-DCP" Name="DamSystem_physopt.dcp"/>
  <File Type="BITSTR-MSK" Name="DamSystem.msk"/>
  <File Type="ROUTE-ERROR-DCP" Name="DamSystem_routed_error.dcp"/>
  <File Type="ROUTE-DCP" Name="DamSystem_routed.dcp"/>
  <File Type="ROUTE-BLACKBOX-DCP" Name="DamSystem_routed_bb.dcp"/>
  <File Type="ROUTE-DRC" Name="DamSystem_drc_routed.rpt"/>
  <File Type="ROUTE-DRC-PB" Name="DamSystem_drc_routed.pb"/>
  <File Type="ROUTE-DRC-RPX" Name="DamSystem_drc_routed.rpx"/>
  <File Type="BITSTR-LTX" Name="DamSystem.ltx"/>
  <File Type="ROUTE-METHODOLOGY-DRC" Name="DamSystem_methodology_drc_routed.rpt"/>
  <File Type="BITSTR-MMI" Name="DamSystem.mmi"/>
  <File Type="ROUTE-METHODOLOGY-DRC-RPX" Name="DamSystem_methodology_drc_routed.rpx"/>
  <File Type="ROUTE-METHODOLOGY-DRC-PB" Name="DamSystem_methodology_drc_routed.pb"/>
  <File Type="BITSTR-SYSDEF" Name="DamSystem.sysdef"/>
  <File Type="ROUTE-PWR-RPX" Name="DamSystem_power_routed.rpx"/>
  <File Type="ROUTE-STATUS" Name="DamSystem_route_status.rpt"/>
  <File Type="ROUTE-STATUS-PB" Name="DamSystem_route_status.pb"/>
  <File Type="ROUTE-TIMINGSUMMARY" Name="DamSystem_timing_summary_routed.rpt"/>
  <File Type="ROUTE-TIMING-PB" Name="DamSystem_timing_summary_routed.pb"/>
  <File Type="ROUTE-TIMING-RPX" Name="DamSystem_timing_summary_routed.rpx"/>
  <File Type="ROUTE-CLK" Name="DamSystem_clock_utilization_routed.rpt"/>
  <File Type="ROUTE-BUS-SKEW" Name="DamSystem_bus_skew_routed.rpt"/>
  <File Type="ROUTE-BUS-SKEW-PB" Name="DamSystem_bus_skew_routed.pb"/>
  <File Type="ROUTE-BUS-SKEW-RPX" Name="DamSystem_bus_skew_routed.rpx"/>
  <File Type="POSTROUTE-PHYSOPT-DCP" Name="DamSystem_postroute_physopt.dcp"/>
  <File Type="POSTROUTE-PHYSOPT-BLACKBOX-DCP" Name="DamSystem_postroute_physopt_bb.dcp"/>
  <File Type="BG-BIT" Name="DamSystem.bit"/>
  <File Type="BITSTR-RBT" Name="DamSystem.rbt"/>
  <File Type="BITSTR-NKY" Name="DamSystem.nky"/>
  <File Type="BG-DRC" Name="DamSystem.drc"/>
  <File Type="RDI-RDI" Name="DamSystem.vdi"/>
  <File Type="WBT-USG" Name="usage_statistics_webtalk.html"/>
  <FileSet Name="sources" Type="DesignSrcs" RelSrcDir="$PSRCDIR/sources_1">
    <Filter Type="Srcs"/>
    <File Path="$PSRCDIR/sources_1/new/DischargeValve.v">
      <FileInfo>
        <Attr Name="ImportPath" Val="$PPRDIR/../../../../assignment_4.srcs/sources_1/new/DischargeValve.v"/>
        <Attr Name="ImportTime" Val="1614298112"/>
        <Attr Name="UsedIn" Val="synthesis"/>
        <Attr Name="UsedIn" Val="implementation"/>
        <Attr Name="UsedIn" Val="simulation"/>
      </FileInfo>
    </File>
    <File Path="$PSRCDIR/sources_1/new/Hz1dot5_Clock.v">
      <FileInfo>
        <Attr Name="ImportPath" Val="$PPRDIR/../../../../assignment_4.srcs/sources_1/new/Hz1dot5_Clock.v"/>
        <Attr Name="ImportTime" Val="1614287082"/>
        <Attr Name="UsedIn" Val="synthesis"/>
        <Attr Name="UsedIn" Val="implementation"/>
        <Attr Name="UsedIn" Val="simulation"/>
      </FileInfo>
    </File>
    <File Path="$PSRCDIR/sources_1/new/Hz3_Clock.v">
      <FileInfo>
        <Attr Name="ImportPath" Val="$PPRDIR/../../../../assignment_4.srcs/sources_1/new/Hz3_Clock.v"/>
        <Attr Name="ImportTime" Val="1614192674"/>
        <Attr Name="UsedIn" Val="synthesis"/>
        <Attr Name="UsedIn" Val="implementation"/>
        <Attr Name="UsedIn" Val="simulation"/>
      </FileInfo>
    </File>
    <File Path="$PSRCDIR/sources_1/new/LEDControl.v">
      <FileInfo>
        <Attr Name="ImportPath" Val="$PPRDIR/../../../../assignment_4.srcs/sources_1/new/LEDControl.v"/>
        <Attr Name="ImportTime" Val="1614290198"/>
        <Attr Name="UsedIn" Val="synthesis"/>
        <Attr Name="UsedIn" Val="implementation"/>
        <Attr Name="UsedIn" Val="simulation"/>
      </FileInfo>
    </File>
    <File Path="$PSRCDIR/sources_1/new/Reservoir.v">
      <FileInfo>
        <Attr Name="ImportPath" Val="$PPRDIR/../../../../assignment_4.srcs/sources_1/new/Reservoir.v"/>
        <Attr Name="ImportTime" Val="1614298966"/>
        <Attr Name="UsedIn" Val="synthesis"/>
        <Attr Name="UsedIn" Val="implementation"/>
        <Attr Name="UsedIn" Val="simulation"/>
      </FileInfo>
    </File>
    <File Path="$PSRCDIR/sources_1/new/SevenSegment.v">
      <FileInfo>
        <Attr Name="ImportPath" Val="$PPRDIR/../../../../assignment_4.srcs/sources_1/new/SevenSegment.v"/>
        <Attr Name="ImportTime" Val="1614298966"/>
        <Attr Name="UsedIn" Val="synthesis"/>
        <Attr Name="UsedIn" Val="implementation"/>
        <Attr Name="UsedIn" Val="simulation"/>
      </FileInfo>
    </File>
    <File Path="$PSRCDIR/sources_1/new/DamSystem.v">
      <FileInfo>
        <Attr Name="ImportPath" Val="$PPRDIR/../../../../assignment_4.srcs/sources_1/new/DamSystem.v"/>
        <Attr Name="ImportTime" Val="1614291944"/>
        <Attr Name="UsedIn" Val="synthesis"/>
        <Attr Name="UsedIn" Val="implementation"/>
        <Attr Name="UsedIn" Val="simulation"/>
      </FileInfo>
    </File>
    <Config>
      <Option Name="DesignMode" Val="RTL"/>
      <Option Name="TopModule" Val="DamSystem"/>
    </Config>
  </FileSet>
  <FileSet Name="constrs_in" Type="Constrs" RelSrcDir="$PSRCDIR/constrs_1">
    <Filter Type="Constrs"/>
    <File Path="$PSRCDIR/constrs_1/new/basy3_constraints.xdc">
      <FileInfo>
        <Attr Name="ImportPath" Val="$PPRDIR/../../../../assignment_4.srcs/constrs_1/new/basy3_constraints.xdc"/>
        <Attr Name="ImportTime" Val="1614185630"/>
        <Attr Name="UsedIn" Val="synthesis"/>
        <Attr Name="UsedIn" Val="implementation"/>
      </FileInfo>
    </File>
    <Config>
      <Option Name="ConstrsType" Val="XDC"/>
    </Config>
  </FileSet>
  <Strategy Version="1" Minor="2">
    <StratHandle Name="Vivado Implementation Defaults" Flow="Vivado Implementation 2018"/>
    <Step Id="init_design"/>
    <Step Id="opt_design"/>
    <Step Id="power_opt_design"/>
    <Step Id="place_design"/>
    <Step Id="post_place_power_opt_design"/>
    <Step Id="phys_opt_design"/>
    <Step Id="route_design"/>
    <Step Id="post_route_phys_opt_design"/>
    <Step Id="write_bitstream"/>
  </Strategy>
</GenRun>
